record_id,category,difficulty,failures,passes,failed_models
fem_projection.p0_projection_best_const_approx_2cell,fem_projection,3,4,1,openai/gpt-5.5-pro;google/gemini-3.1-pro-preview;qwen/qwen3.6-max-preview;deepseek/deepseek-v4-pro
fem_projection.p0_projection_idempotent_2cell,fem_projection,1,4,1,anthropic/claude-opus-4.8;google/gemini-3.1-pro-preview;qwen/qwen3.6-max-preview;deepseek/deepseek-v4-pro
fem_projection.weighted_p0_average_smul_general_n,fem_projection,3,4,1,openai/gpt-5.5-pro;anthropic/claude-opus-4.8;qwen/qwen3.6-max-preview;deepseek/deepseek-v4-pro
fem_projection.weighted_p0_residual_mass_zero_general_n,fem_projection,4,4,1,openai/gpt-5.5-pro;anthropic/claude-opus-4.8;qwen/qwen3.6-max-preview;deepseek/deepseek-v4-pro
finite_difference.lax_friedrichs_cfl_linf_stability_1d,finite_difference_stability,3,4,1,openai/gpt-5.5-pro;anthropic/claude-opus-4.8;google/gemini-3.1-pro-preview;deepseek/deepseek-v4-pro
fem_projection.weighted_p0_average_const_general_n,fem_projection,3,3,2,anthropic/claude-opus-4.8;qwen/qwen3.6-max-preview;deepseek/deepseek-v4-pro
finite_difference.heat_weights_nonneg_cfl_1d,finite_difference_heat,2,3,2,openai/gpt-5.5-pro;google/gemini-3.1-pro-preview;deepseek/deepseek-v4-pro
finite_difference.kdv_canonical_flux_const_difference_zero_1d,finite_difference_kdv,2,3,2,anthropic/claude-opus-4.8;google/gemini-3.1-pro-preview;qwen/qwen3.6-max-preview
linear_algebra_stability.diag2_inf_norm_le_2d,linear_algebra_stability,3,3,2,openai/gpt-5.5-pro;google/gemini-3.1-pro-preview;qwen/qwen3.6-max-preview
linear_algebra_stability.finite_row_apply_const_general_n,linear_algebra_stability,2,3,2,anthropic/claude-opus-4.8;qwen/qwen3.6-max-preview;deepseek/deepseek-v4-pro
spectral_dft.finite_dc_centered_signal_zero_general_n,spectral_dft,3,3,2,openai/gpt-5.5-pro;qwen/qwen3.6-max-preview;deepseek/deepseek-v4-pro
